{"cameraMode":{"drawMode":0,"name":"Shaded","section":"Shading Mode"},"sceneLighting":false,"audioPlay":false,"sceneViewState":{"showFog":true,"showMaterialUpdate":false,"showSkybox":true,"showFlares":true,"showImageEffects":true,"showParticleSystems":true},"in2DMode":false,"pivot":{"x":7.033304214477539,"y":-0.08587646484375,"z":-4.982992172241211},"rotation":{"x":-0.5118228793144226,"y":-0.0033523899037390949,"z":0.001997348153963685,"w":-0.8590821623802185},"size":7.640134334564209,"orthographic":false}