{"cameraMode":{"drawMode":0,"name":"Shaded","section":"Shading Mode"},"sceneLighting":true,"audioPlay":false,"sceneViewState":{"showFog":false,"showMaterialUpdate":false,"showSkybox":false,"showFlares":false,"showImageEffects":false,"showParticleSystems":false},"in2DMode":false,"pivot":{"x":1.8150519132614136,"y":3.7208080291748049,"z":-11.089231491088868},"rotation":{"x":-0.4593886137008667,"y":0.003195585450157523,"z":-0.0016528470441699029,"w":-0.8882281184196472},"size":31.62544822692871,"orthographic":false}